location_decoded,Anomalies,Total,Anomaly_Rate,Normal
Mardakan,497,57327,0.8669562335374257,56830
Sumqayit,689,56637,1.2165192365414836,55948
Turkan,517,56325,0.9178872614292056,55808
