{
  "density_kg_m3": {
    "mean": 0.739360305833025,
    "std": 0.013997890049204115,
    "min": 0.0,
    "max": 1.0
  },
  "pressure_diff_kpa": {
    "mean": 9.209970972875523,
    "std": 8.030005685681102,
    "min": -0.984,
    "max": 69.132
  },
  "pressure_kpa": {
    "mean": 485.65057172218985,
    "std": 95.8000568651103,
    "min": 0.0,
    "max": 770.969
  },
  "temperature_c": {
    "mean": 16.324737775193935,
    "std": 17.369536594829583,
    "min": -34.568,
    "max": 746.153
  },
  "hourly_flow_m3": {
    "mean": 8.190250867642655,
    "std": 11.387238543446234,
    "min": 0.0,
    "max": 56.99
  },
  "total_flow_m3": {
    "mean": 196.56603411846913,
    "std": 273.29373081729517,
    "min": 0.0,
    "max": 1367.77
  }
}